"case","TRUST","SUPPORT","RESOURCES","ADOPTION"
"C01",4.7,1.28,98.4,27.2
"C02",3.19,3.63,51.3,56.3
"C03",4.93,2.7,82.7,17.1
"C04",4.96,5.34,52.8,82.6
"C05",6.44,3.54,80.2,27.1
"C06",1.25,3.83,69.9,83.5
"C07",1.54,3.14,16.5,0
"C08",3.06,3.82,63.2,76.7
"C09",6.65,4.15,70.3,50.9
"C10",2.45,6.09,34.5,0
"C11",1,4.73,82.2,97.6
"C12",5.49,1.66,71.7,0
"C13",5.89,6.05,49.1,93.6
"C14",3.73,4.43,66.5,64.2
"C15",4.06,1.94,95.5,37.6
"C16",2.27,3.03,41.3,20.3
"C17",7,3.42,33.7,31.8
"C18",4.41,4.25,76.6,68.4
"C19",5.35,2.92,76.6,13.1
"C20",2.31,3.59,83.5,98.5
"C21",1.62,6.02,50.8,42.6
"C22",6.16,5.34,81.1,97.2
"C23",4.38,4.03,8.1,51.5
"C24",6.73,2,42.2,2.6
"C25",4.53,4.82,75.8,82
"C26",4.43,4.68,54.3,64.9
"C27",5.52,4.93,35.3,87.5
"C28",3.8,1.93,58.5,69.6
"C29",4.45,7,49.9,83.4
"C30",4.61,3.94,48.9,46.3
"C31",3.8,5.18,8.4,39.4
"C32",4.2,3.52,70.6,44.8
"C33",3.03,3.57,6,16.2
"C34",5.27,4.75,21.9,73
"C35",5.43,4.73,0,80.8
"C36",3.44,3.26,67.8,75.2
"C37",4.94,4.28,36.2,59.3
"C38",3.53,4.47,55.5,54.8
"C39",3.17,6.47,78.4,70.8
"C40",5.58,4.26,70.5,71.1
"C41",1.29,2.42,38.3,2.8
"C42",5.54,4.77,49.7,72.9
"C43",6.01,3.43,52.7,31.2
"C44",6.09,5.1,25.8,72.5
"C45",6.29,4,47.2,55.9
"C46",4.25,1.96,67.6,49.4
"C47",1,2.53,94.5,93.5
"C48",5.25,3.06,87.9,30.2
"C49",4.31,3.3,11.3,33.3
"C50",4.57,5.12,77.3,73.4
"C51",3.17,5.55,82.1,87.5
"C52",5.2,6.31,57.4,80.5
"C53",2.78,4.74,31.6,12.7
"C54",4.42,6.25,7.6,72.5
"C55",6.58,2.37,43,13
"C56",4.52,4.04,48.5,50.2
"C57",5.73,5.59,46.5,93.6
"C58",1.88,4.62,32.6,19.1
"C59",4.39,4.19,39.5,45.4
"C60",4.26,5.14,37.1,76.1
